{
  "version": 1,
  "author": "Anonymous maker",
  "editor": "wokwi",
  "parts": [
    {
      "type": "wokwi-esp32-devkit-v1",
      "id": "esp",
      "top": 114.01,
      "left": -49.01,
      "rotate": 270,
      "attrs": {}
    },
    {
      "type": "wokwi-resistor",
      "id": "r1",
      "top": 93.45,
      "left": -166.63,
      "attrs": { "value": "1000" }
    },
    {
      "type": "wokwi-resistor",
      "id": "r2",
      "top": 137.3,
      "left": -167.3,
      "attrs": { "value": "1000" }
    },
    {
      "type": "wokwi-lcd2004",
      "id": "lcd2",
      "top": -98.43,
      "left": 132.8,
      "attrs": { "pins": "i2c" }
    },
    { "type": "wokwi-membrane-keypad", "id": "keypad1", "top": 132.4, "left": 188, "attrs": {} },
    {
      "type": "wokwi-led",
      "id": "led1",
      "top": 54,
      "left": -25,
      "attrs": { "color": "red", "flip": "1" }
    }
  ],
  "connections": [
    [ "esp:TX0", "$serialMonitor:RX", "", [] ],
    [ "esp:RX0", "$serialMonitor:TX", "", [] ],
    [ "r2:2", "esp:D22", "green", [ "v1", "h9" ] ],
    [ "r1:2", "esp:D21", "green", [ "v0", "h37" ] ],
    [ "r2:1", "r1:1", "green", [ "v0" ] ],
    [ "lcd2:GND", "esp:GND.1", "black", [ "h0" ] ],
    [ "lcd2:VCC", "esp:3V3", "red", [ "h0" ] ],
    [ "r1:1", "lcd2:VCC", "green", [ "v-20.81", "h-0.22", "v-135.22" ] ],
    [ "lcd2:SDA", "esp:D21", "green", [ "h0" ] ],
    [ "lcd2:SCL", "esp:D22", "green", [ "h-203.07", "v234.03" ] ],
    [ "keypad1:R1", "esp:D13", "green", [ "v-0.36", "h-244.52" ] ],
    [ "keypad1:R2", "esp:D12", "green", [ "v8.21", "h-263.17" ] ],
    [ "keypad1:R3", "esp:D14", "green", [ "v15.65", "h-283.54" ] ],
    [ "keypad1:R4", "esp:D27", "green", [ "v23.08", "h-301.61" ] ],
    [ "keypad1:C1", "esp:D26", "green", [ "v31.65", "h-320.14" ] ],
    [ "keypad1:C2", "esp:D25", "green", [ "v38.92", "h-340.87" ] ],
    [ "keypad1:C3", "esp:D33", "green", [ "v46.85", "h-359.87" ] ],
    [ "keypad1:C4", "esp:D32", "green", [ "v55.44", "h-378.21" ] ],
    [ "led1:C", "esp:GND.1", "green", [ "v48", "h48" ] ],
    [ "led1:A", "esp:D15", "green", [ "v57.6", "h48.4", "v0" ] ]
  ],
  "dependencies": {}
}